Date,Open,High,Low,Close,Volume
2024-07-30 09:00:00+00:00,98.61000,98.61000,98.61000,98.61000,61
2024-07-30 12:00:00+00:00,98.61000,98.61000,98.61000,98.61000,1
2024-07-30 13:00:00+00:00,98.95000,98.95000,98.84000,98.84000,309
2024-07-31 07:00:00+00:00,99.56000,99.92000,99.56000,99.92000,0
2024-07-31 08:00:00+00:00,100.099998,100.099998,100.099998,100.099998,10
2024-07-31 12:00:00+00:00,99.73000,99.73000,99.65000,99.65000,269
2024-08-01 07:00:00+00:00,99.85000,99.85000,99.73000,99.73000,50
2024-08-01 14:00:00+00:00,99.74000,99.74000,98.49000,98.49000,0
2024-08-02 07:00:00+00:00,97.72000,97.72000,97.62000,97.62000,34
2024-08-02 11:00:00+00:00,97.70000,97.70000,97.67000,97.67000,33
2024-08-02 14:00:00+00:00,96.68000,96.68000,96.19000,96.19000,300
2024-08-05 07:00:00+00:00,93.99000,94.019997,93.84000,94.019997,1
2024-08-05 08:00:00+00:00,93.81000,93.81000,93.58000,93.58000,3020
2024-08-05 09:00:00+00:00,93.74000,93.74000,93.74000,93.74000,38
2024-08-05 11:00:00+00:00,93.46000,93.46000,93.46000,93.46000,31
2024-08-05 13:00:00+00:00,93.20000,93.20000,93.20000,93.20000,40
2024-08-05 14:00:00+00:00,93.38000,93.56000,93.38000,93.56000,248
2024-08-06 07:00:00+00:00,94.31000,94.31000,94.31000,94.31000,0
2024-08-06 08:00:00+00:00,94,94.040001,94,94.040001,3
2024-08-06 10:00:00+00:00,93.75,93.75,93.75,93.75,33
2024-08-06 12:00:00+00:00,93.28000,93.28000,93.28000,93.28000,1
2024-08-06 14:00:00+00:00,93.99000,93.99000,93.66000,93.66000,43
2024-08-07 07:00:00+00:00,94.31000,94.31000,94.31000,94.31000,0
2024-08-07 08:00:00+00:00,94.35000,94.35000,94.35000,94.35000,746
2024-08-07 13:00:00+00:00,95.46000,95.52000,95.46000,95.49000,243
2024-08-08 07:00:00+00:00,92.64000,92.64000,92.36000,92.36000,30
2024-08-08 15:00:00+00:00,93.68000,93.68000,93.68000,93.68000,0
2024-08-09 07:00:00+00:00,93.85000,93.85000,93.85000,93.85000,1
2024-08-09 08:00:00+00:00,94.17000,94.17000,94.17000,94.17000,0
2024-08-12 07:00:00+00:00,94.49000,94.63000,94.49000,94.52000,450
2024-08-12 13:00:00+00:00,94.33000,94.33000,94.33000,94.33000,565
2024-08-12 14:00:00+00:00,94.33000,94.52000,94.33000,94.52000,52
2024-08-13 07:00:00+00:00,95.019997,95.019997,95.019997,95.019997,0
2024-08-13 09:00:00+00:00,94.79000,94.79000,94.72000,94.72000,350
2024-08-13 10:00:00+00:00,94.55000,94.55000,94.55000,94.55000,26
2024-08-13 13:00:00+00:00,94.70000,94.73000,94.70000,94.73000,198
2024-08-13 15:00:00+00:00,94.86000,94.98000,94.86000,94.98000,37
2024-08-14 07:00:00+00:00,95.29000,95.29000,95.29000,95.29000,0
2024-08-14 08:00:00+00:00,95.070000,95.070000,95.070000,95.070000,0
2024-08-14 10:00:00+00:00,94.90000,94.90000,94.90000,94.90000,100
2024-08-14 13:00:00+00:00,94.79000,94.99000,94.79000,94.99000,10
2024-08-15 07:00:00+00:00,95.56000,96.55000,95.56000,96.55000,0
2024-08-16 07:00:00+00:00,96.64000,96.64000,96.64000,96.64000,0
2024-08-16 09:00:00+00:00,96.62000,96.62000,96.62000,96.62000,0
2024-08-16 12:00:00+00:00,96.25,96.25,96.23000,96.23000,21
2024-08-16 13:00:00+00:00,96.31000,96.35000,96.31000,96.35000,207
2024-08-19 07:00:00+00:00,96.21000,96.28000,96.21000,96.27000,96
2024-08-19 08:00:00+00:00,96.20000,96.97000,96.20000,96.97000,19
2024-08-20 07:00:00+00:00,96.68000,96.68000,96.68000,96.68000,0
2024-08-20 09:00:00+00:00,96.20000,96.20000,96.20000,96.20000,0
2024-08-20 12:00:00+00:00,96.20000,96.20000,96.20000,96.20000,1
2024-08-20 14:00:00+00:00,96,96,95.83000,95.83000,10
2024-08-21 07:00:00+00:00,95.90000,95.90000,95.90000,95.90000,0
2024-08-21 09:00:00+00:00,95.80000,96.040001,95.80000,96.040001,176
2024-08-22 07:00:00+00:00,96.33000,96.33000,96.22000,96.22000,0
2024-08-22 08:00:00+00:00,96.71000,96.71000,96.71000,96.71000,208
2024-08-22 09:00:00+00:00,96.58000,96.58000,96.41000,96.41000,79
2024-08-23 07:00:00+00:00,96.74000,96.91000,96.74000,96.91000,0
2024-08-23 08:00:00+00:00,96.86000,96.86000,96.86000,96.86000,1
2024-08-23 13:00:00+00:00,96.98000,97,96.92000,96.92000,6726
2024-08-23 14:00:00+00:00,97.089996,97.089996,96.95000,96.96000,21318
2024-08-23 15:00:00+00:00,97.18000,97.24000,97.17000,97.24000,4682
2024-08-26 07:00:00+00:00,97.22000,97.33000,97.22000,97.33000,0
2024-08-26 15:00:00+00:00,97.27000,97.27000,97.27000,97.27000,0
2024-08-27 07:00:00+00:00,97.66000,98.070000,97.66000,98.070000,2652
2024-08-27 11:00:00+00:00,97.74000,97.74000,97.74000,97.74000,3
2024-08-27 12:00:00+00:00,97.70000,97.79000,97.70000,97.79000,1
2024-08-28 07:00:00+00:00,97.90000,97.90000,97.90000,97.90000,0
2024-08-28 12:00:00+00:00,97.79000,97.79000,97.79000,97.79000,20
2024-08-29 07:00:00+00:00,98.029999,98.029999,98.029999,98.029999,0
2024-08-29 09:00:00+00:00,98.45000,98.45000,98.45000,98.45000,0
2024-08-29 12:00:00+00:00,98.5,98.5,98.41000,98.41000,12
2024-08-30 07:00:00+00:00,98.86000,98.86000,98.24000,98.24000,0
2024-09-02 07:00:00+00:00,98.31000,98.31000,98.31000,98.31000,0
2024-09-02 08:00:00+00:00,98.25,98.25,98.12000,98.12000,224
2024-09-02 09:00:00+00:00,98.16000,98.16000,98.16000,98.16000,1
2024-09-02 12:00:00+00:00,98.15000,98.15000,98.15000,98.15000,33
2024-09-03 07:00:00+00:00,98.37000,98.37000,98.37000,98.37000,0
2024-09-03 08:00:00+00:00,98.22000,98.22000,98.21000,98.21000,14
2024-09-03 09:00:00+00:00,97.86000,97.86000,97.86000,97.86000,3
2024-09-03 10:00:00+00:00,97.73000,97.73000,97.73000,97.73000,1
2024-09-03 14:00:00+00:00,97.19000,97.27000,97.19000,97.27000,3
2024-09-04 07:00:00+00:00,96.53000,96.53000,96.53000,96.53000,0
2024-09-04 12:00:00+00:00,96.84000,96.93000,96.84000,96.93000,1
2024-09-05 07:00:00+00:00,96.86000,96.86000,96.86000,96.86000,0
2024-09-05 08:00:00+00:00,97.070000,97.070000,97.070000,97.070000,10
2024-09-05 10:00:00+00:00,97.040001,97.040001,96.89000,96.89000,514
2024-09-06 07:00:00+00:00,96.38000,96.38000,96.38000,96.38000,0
2024-09-06 11:00:00+00:00,96.44000,96.44000,96.44000,96.44000,0
2024-09-06 13:00:00+00:00,96.76000,96.76000,95.65000,95.65000,39
2024-09-09 07:00:00+00:00,96.36000,96.42000,96.36000,96.42000,1
2024-09-09 08:00:00+00:00,96.43000,96.43000,96.40000,96.40000,3
2024-09-09 10:00:00+00:00,96.49000,96.49000,96.49000,96.49000,1
2024-09-09 12:00:00+00:00,96.49000,96.49000,96.49000,96.49000,2
2024-09-10 07:00:00+00:00,96.19000,96.19000,96.19000,96.19000,0
2024-09-10 08:00:00+00:00,96.54000,96.66000,96.54000,96.66000,31
2024-09-10 12:00:00+00:00,96.48000,96.60000,96.48000,96.60000,16
2024-09-10 14:00:00+00:00,96.15000,96.21000,96.15000,96.21000,75
2024-09-11 07:00:00+00:00,96.30000,96.30000,96.15000,96.15000,0
2024-09-12 07:00:00+00:00,97.26000,97.26000,97.26000,97.26000,0
2024-09-12 08:00:00+00:00,96.73000,96.73000,96.73000,96.73000,72
2024-09-12 13:00:00+00:00,96.38000,96.38000,96.38000,96.38000,26
2024-09-13 07:00:00+00:00,96.75,96.98000,96.57000,96.98000,9
2024-09-16 07:00:00+00:00,96.68000,96.84000,96.68000,96.84000,1
2024-09-16 09:00:00+00:00,97.050003,97.050003,97.050003,97.050003,27
2024-09-16 12:00:00+00:00,97.14000,97.14000,96.94000,96.94000,7
2024-09-16 15:00:00+00:00,97.19000,97.19000,97.13000,97.13000,46
2024-09-17 07:00:00+00:00,97.97000,97.97000,97.97000,97.97000,0
2024-09-17 08:00:00+00:00,97.92000,97.92000,97.85000,97.85000,250
2024-09-17 12:00:00+00:00,97.90000,97.90000,97.44000,97.44000,8
2024-09-18 07:00:00+00:00,97.29000,97.29000,97.29000,97.29000,0
2024-09-18 08:00:00+00:00,97.040001,97.040001,97.040001,97.040001,0
2024-09-18 10:00:00+00:00,97.029999,97.050003,97.029999,97.050003,16
2024-09-18 12:00:00+00:00,96.94000,96.94000,96.94000,96.94000,1
2024-09-18 13:00:00+00:00,97.019997,97.019997,96.95000,96.95000,18
2024-09-19 07:00:00+00:00,97.96000,97.96000,97.96000,97.96000,0
2024-09-19 08:00:00+00:00,97.99000,97.99000,97.92000,97.92000,26
2024-09-19 13:00:00+00:00,98.040001,98.040001,98.040001,98.040001,240
2024-09-19 14:00:00+00:00,98.010002,98.16000,98.010002,98.16000,10
2024-09-20 07:00:00+00:00,97.72000,97.72000,97.72000,97.72000,0
2024-09-20 08:00:00+00:00,97.81000,97.81000,97.63000,97.63000,1001
2024-09-20 09:00:00+00:00,97.29000,97.29000,97.29000,97.29000,1
2024-09-20 12:00:00+00:00,97.44000,97.44000,97,97,575
2024-09-23 07:00:00+00:00,97,97.44000,97,97.44000,114
2024-09-23 09:00:00+00:00,97.43000,97.43000,97.43000,97.43000,412
2024-09-23 13:00:00+00:00,97.59000,97.97000,97.59000,97.97000,110
2024-09-24 07:00:00+00:00,98.70000,98.70000,98.70000,98.70000,0
2024-09-24 10:00:00+00:00,98.48000,98.48000,98.48000,98.48000,0
2024-09-24 11:00:00+00:00,98.49000,98.49000,98.49000,98.49000,5
2024-09-24 12:00:00+00:00,98.33000,98.33000,98.33000,98.33000,1
2024-09-24 13:00:00+00:00,98.35000,98.35000,98.30000,98.30000,8
2024-09-25 07:00:00+00:00,97.69000,97.87000,97.69000,97.87000,3
2024-09-25 11:00:00+00:00,98.23000,98.23000,98.23000,98.23000,4
2024-09-25 12:00:00+00:00,98.11000,98.11000,97.89000,97.89000,54
2024-09-26 07:00:00+00:00,98.56000,98.56000,98.56000,98.56000,1
2024-09-26 12:00:00+00:00,98.25,98.25,98.25,98.25,0
2024-09-26 14:00:00+00:00,98.58000,98.58000,98.44000,98.44000,1242
2024-09-27 07:00:00+00:00,98.68000,98.68000,98.68000,98.68000,0
2024-09-27 10:00:00+00:00,98.81000,98.81000,98.81000,98.81000,8
2024-09-27 11:00:00+00:00,98.94000,98.94000,98.92000,98.92000,22
2024-09-30 07:00:00+00:00,98.70000,98.80000,98.70000,98.80000,1
2024-09-30 08:00:00+00:00,98.55000,98.55000,98.55000,98.55000,1001
2024-09-30 09:00:00+00:00,98.43000,98.43000,98.43000,98.43000,10
2024-09-30 10:00:00+00:00,98.23000,98.23000,98.23000,98.23000,166
2024-09-30 14:00:00+00:00,98.14000,98.14000,98.13000,98.13000,49
2024-10-01 07:00:00+00:00,98.089996,98.089996,98.089996,98.089996,0
2024-10-01 09:00:00+00:00,98.28000,98.28000,98.28000,98.28000,0
2024-10-01 12:00:00+00:00,98.48000,98.48000,98.48000,98.48000,60
2024-10-01 13:00:00+00:00,98.63000,98.63000,98.36000,98.36000,1
2024-10-02 07:00:00+00:00,98.95000,98.95000,98.95000,98.95000,0
2024-10-02 09:00:00+00:00,98.54000,98.54000,98.48000,98.48000,0
2024-10-02 10:00:00+00:00,98.43000,98.43000,98.43000,98.43000,0
2024-10-02 15:00:00+00:00,98.67000,98.67000,98.62000,98.62000,11
2024-10-03 07:00:00+00:00,98.23000,98.23000,98.23000,98.23000,0
2024-10-03 08:00:00+00:00,97.78000,97.78000,97.77000,97.77000,1
2024-10-03 14:00:00+00:00,97.66000,97.66000,97.59000,97.59000,300
2024-10-04 07:00:00+00:00,97.56000,97.89000,97.56000,97.89000,1
2024-10-04 09:00:00+00:00,97.63000,97.63000,97.63000,97.63000,39
2024-10-04 12:00:00+00:00,97.43000,97.43000,97.43000,97.43000,2
2024-10-04 15:00:00+00:00,98.019997,98.019997,98.019997,98.019997,0
2024-10-07 07:00:00+00:00,98.33000,98.34000,97.97000,97.97000,1
2024-10-07 12:00:00+00:00,98.089996,98.089996,98.019997,98.019997,0
2024-10-08 07:00:00+00:00,96.96000,96.96000,96.96000,96.96000,0
2024-10-08 09:00:00+00:00,96.86000,96.86000,96.86000,96.86000,30
2024-10-08 10:00:00+00:00,96.95000,96.96000,96.95000,96.96000,103
2024-10-08 12:00:00+00:00,97.040001,97.059998,97.040001,97.059998,6
2024-10-08 13:00:00+00:00,97,97,96.81000,96.81000,2
2024-10-09 07:00:00+00:00,97.089996,97.089996,97.089996,97.089996,0
2024-10-09 13:00:00+00:00,97,97.54000,97,97.54000,221
2024-10-10 07:00:00+00:00,97.95000,97.95000,97.95000,97.95000,0
2024-10-10 09:00:00+00:00,97.63000,97.63000,97.62000,97.62000,148
2024-10-10 13:00:00+00:00,97.45000,97.45000,97.45000,97.45000,178
2024-10-10 15:00:00+00:00,97.5,97.5,97.46000,97.46000,8
2024-10-11 07:00:00+00:00,97.30000,97.30000,97.30000,97.30000,0
2024-10-11 08:00:00+00:00,97.56000,97.56000,97.56000,97.56000,0
2024-10-11 13:00:00+00:00,97.42000,97.42000,97.42000,97.42000,403
2024-10-11 15:00:00+00:00,97.65000,97.65000,97.65000,97.65000,0
2024-10-14 07:00:00+00:00,97.60000,97.64000,97.60000,97.64000,1
2024-10-14 15:00:00+00:00,98.20000,98.20000,98.17000,98.17000,124
2024-10-15 07:00:00+00:00,98.43000,98.43000,98.43000,98.43000,0
2024-10-15 12:00:00+00:00,98.19000,98.19000,98.070000,98.19000,8
2024-10-16 07:00:00+00:00,98.43000,98.43000,98.43000,98.43000,0
2024-10-16 08:00:00+00:00,98.25,98.25,98.25,98.25,60
2024-10-16 09:00:00+00:00,98.19000,98.74000,98.19000,98.74000,110
2024-10-17 07:00:00+00:00,98.81000,98.81000,98.81000,98.81000,0
2024-10-17 08:00:00+00:00,98.93000,98.93000,98.93000,98.93000,0
2024-10-17 14:00:00+00:00,99.77000,99.77000,99.77000,99.77000,42
2024-10-17 15:00:00+00:00,99.76000,99.85000,99.76000,99.85000,300
2024-10-18 07:00:00+00:00,99.72000,99.90000,99.72000,99.90000,19
2024-10-18 08:00:00+00:00,99.86000,99.86000,99.86000,99.86000,60
2024-10-18 12:00:00+00:00,99.77000,99.77000,99.77000,99.77000,10
2024-10-18 13:00:00+00:00,99.20000,99.44000,99.20000,99.44000,3
2024-10-21 07:00:00+00:00,99.58000,99.60000,99.58000,99.60000,1
2024-10-21 08:00:00+00:00,99.56000,99.56000,99.54000,99.54000,70
2024-10-21 12:00:00+00:00,99.14000,99.14000,99.14000,99.14000,28
2024-10-21 14:00:00+00:00,99.40000,99.40000,98.99000,98.99000,8
2024-10-22 07:00:00+00:00,98.79000,98.87000,98.74000,98.87000,0
2024-10-23 07:00:00+00:00,98.95000,98.95000,98.95000,98.95000,0
2024-10-23 09:00:00+00:00,98.93000,98.93000,98.93000,98.93000,0
2024-10-23 11:00:00+00:00,98.64000,98.64000,98.64000,98.64000,81
2024-10-23 13:00:00+00:00,98.48000,98.48000,98.48000,98.48000,91
2024-10-23 14:00:00+00:00,98.59000,98.59000,98.28000,98.28000,506
2024-10-24 07:00:00+00:00,98.72000,99.019997,98.72000,99.019997,346
2024-10-24 09:00:00+00:00,99.13000,99.13000,98.89000,98.89000,741
2024-10-24 12:00:00+00:00,98.83000,98.83000,98.83000,98.83000,73
2024-10-24 13:00:00+00:00,98.95000,98.95000,98.45000,98.45000,1
2024-10-25 07:00:00+00:00,98.31000,98.31000,98.31000,98.31000,0
2024-10-25 08:00:00+00:00,98.27000,98.27000,98.27000,98.27000,0
2024-10-25 10:00:00+00:00,98.23000,98.23000,98.23000,98.23000,2
2024-10-25 12:00:00+00:00,98.25,98.25,98.18000,98.18000,6
2024-10-28 08:00:00+00:00,98.16000,98.16000,98.099998,98.099998,1
2024-10-28 09:00:00+00:00,98.11000,98.11000,98.11000,98.11000,8
2024-10-28 11:00:00+00:00,97.88000,97.88000,97.88000,97.88000,11
2024-10-28 16:00:00+00:00,98.72000,98.72000,98.72000,98.72000,0
2024-10-29 08:00:00+00:00,99.070000,99.070000,98.69000,98.69000,5383
2024-10-29 09:00:00+00:00,99.11000,99.11000,99.029999,99.029999,27
2024-10-29 11:00:00+00:00,99.010002,99.010002,99.010002,99.010002,63
2024-10-29 14:00:00+00:00,98.57000,98.57000,98.49000,98.52000,8588
2024-10-29 15:00:00+00:00,98.19000,98.19000,98.19000,98.19000,20
2024-10-30 08:00:00+00:00,97.55000,97.55000,97.55000,97.55000,0
2024-10-30 09:00:00+00:00,97.5,97.5,97.5,97.5,0
2024-10-30 10:00:00+00:00,97.40000,97.40000,97.40000,97.40000,15
2024-10-30 14:00:00+00:00,97.5,97.5,97.26000,97.26000,43
2024-10-30 15:00:00+00:00,97.21000,97.21000,97.040001,97.040001,1012
2024-10-31 08:00:00+00:00,96.32000,96.32000,96.32000,96.32000,0
2024-10-31 09:00:00+00:00,96.15000,96.15000,95.46000,95.46000,6
2024-11-01 08:00:00+00:00,95.94000,96.15000,95.94000,96.15000,0
2024-11-01 11:00:00+00:00,96.40000,96.46000,96.40000,96.46000,65
2024-11-01 13:00:00+00:00,96.86000,96.88000,96.86000,96.88000,15
2024-11-04 08:00:00+00:00,96.77000,97.040001,96.77000,97.040001,0
2024-11-04 09:00:00+00:00,96.97000,96.97000,96.97000,96.97000,135
2024-11-04 14:00:00+00:00,97.080002,97.080002,97.080002,97.080002,321
2024-11-04 15:00:00+00:00,97.22000,97.22000,96.81000,96.81000,170
2024-11-05 08:00:00+00:00,96.97000,96.97000,96.97000,96.97000,0
2024-11-05 09:00:00+00:00,97.16000,97.16000,96.97000,96.97000,9
2024-11-06 08:00:00+00:00,98.30000,98.30000,98.30000,98.30000,0
2024-11-06 11:00:00+00:00,98.69000,98.69000,98.69000,98.69000,0
2024-11-06 16:00:00+00:00,97.48000,97.62000,97.48000,97.62000,15673
2024-11-07 08:00:00+00:00,98.070000,98.15000,97.91000,97.91000,1
2024-11-07 10:00:00+00:00,97.77000,97.77000,97.77000,97.77000,121
2024-11-07 15:00:00+00:00,97.91000,97.91000,97.91000,97.91000,53
2024-11-07 16:00:00+00:00,97.89000,97.89000,97.70000,97.70000,465
2024-11-08 08:00:00+00:00,97.63000,97.63000,97.40000,97.40000,140
2024-11-08 09:00:00+00:00,97.24000,97.24000,97.24000,97.24000,51
2024-11-08 14:00:00+00:00,97.040001,97.040001,96.83000,96.83000,129
2024-11-11 08:00:00+00:00,97.83000,97.83000,97.83000,97.83000,0
2024-11-11 13:00:00+00:00,98.059998,98.059998,97.92000,97.92000,0
2024-11-12 08:00:00+00:00,97.16000,97.16000,97.16000,97.16000,0
2024-11-12 09:00:00+00:00,97.22000,97.22000,97,97,60
2024-11-12 13:00:00+00:00,96.93000,96.93000,96.15000,96.15000,20
2024-11-13 08:00:00+00:00,96.33000,96.33000,96.25,96.25,10
2024-11-13 13:00:00+00:00,95.93000,95.93000,95.93000,95.93000,15
2024-11-13 14:00:00+00:00,95.90000,95.90000,95.90000,95.90000,5
2024-11-14 08:00:00+00:00,96.22000,96.24000,96.22000,96.24000,1
2024-11-14 09:00:00+00:00,96.58000,96.58000,96.58000,96.58000,13
2024-11-14 10:00:00+00:00,96.54000,96.54000,96.54000,96.54000,14
2024-11-14 13:00:00+00:00,96.83000,96.83000,96.83000,96.83000,5
2024-11-14 14:00:00+00:00,96.89000,96.89000,96.78000,96.78000,823
2024-11-15 08:00:00+00:00,96.30000,96.30000,96.30000,96.30000,0
2024-11-15 16:00:00+00:00,96.46000,96.46000,96.45000,96.45000,9
2024-11-18 08:00:00+00:00,96.49000,96.49000,96.40000,96.40000,1
2024-11-18 14:00:00+00:00,96.47000,96.47000,96.47000,96.47000,738
2024-11-18 16:00:00+00:00,96.78000,96.78000,96.78000,96.78000,0
2024-11-19 08:00:00+00:00,97.29000,97.29000,97.29000,97.29000,1
2024-11-19 10:00:00+00:00,96.57000,96.57000,96.57000,96.57000,0
2024-11-19 13:00:00+00:00,96.33000,96.33000,96.33000,96.33000,0
2024-11-19 14:00:00+00:00,95.98000,96.23000,95.98000,96.13000,0
2024-11-19 15:00:00+00:00,96.44000,96.44000,96.44000,96.44000,0
2024-11-20 08:00:00+00:00,97.050003,97.31000,97.050003,97.31000,0
2024-11-20 10:00:00+00:00,97.11000,97.11000,96.95000,96.95000,3
2024-11-21 08:00:00+00:00,97.15000,97.15000,97.15000,97.15000,0
2024-11-21 09:00:00+00:00,96.92000,96.92000,96.92000,96.92000,0
2024-11-21 13:00:00+00:00,97.31000,97.31000,97.31000,97.31000,12
2024-11-21 14:00:00+00:00,97.24000,97.24000,97.24000,97.24000,11
2024-11-21 15:00:00+00:00,97.27000,97.81000,97.27000,97.81000,145
2024-11-22 08:00:00+00:00,98.17000,98.17000,98.17000,98.17000,0
2024-11-22 11:00:00+00:00,98.52000,98.52000,98.52000,98.52000,35
2024-11-22 14:00:00+00:00,98.79000,98.79000,98.79000,98.79000,9
2024-11-22 15:00:00+00:00,99.19000,99.31000,99.19000,99.31000,7
2024-11-25 08:00:00+00:00,99.51000,99.51000,99.45000,99.45000,0
2024-11-25 12:00:00+00:00,98.94000,98.94000,98.94000,98.94000,30
2024-11-25 13:00:00+00:00,99.13000,99.13000,99.13000,99.13000,3
2024-11-25 15:00:00+00:00,99.16000,99.16000,99.16000,99.16000,35
2024-11-25 16:00:00+00:00,99.24000,99.24000,99.13000,99.13000,1
2024-11-26 08:00:00+00:00,98.86000,98.86000,98.54000,98.54000,1
2024-11-26 12:00:00+00:00,98.82000,98.82000,98.82000,98.82000,5
2024-11-26 13:00:00+00:00,98.94000,98.94000,98.94000,98.94000,5
2024-11-26 16:00:00+00:00,98.80000,98.80000,98.78000,98.78000,359
2024-11-27 08:00:00+00:00,98.90000,98.95000,98.90000,98.95000,0
2024-11-27 09:00:00+00:00,98.87000,98.95000,98.87000,98.95000,46
2024-11-27 13:00:00+00:00,98.70000,98.70000,98.70000,98.70000,1
2024-11-27 15:00:00+00:00,98.99000,99.059998,98.99000,99.059998,109
2024-11-28 08:00:00+00:00,99.41000,99.41000,99.41000,99.41000,0
2024-11-28 09:00:00+00:00,99.54000,99.54000,99.54000,99.54000,0
2024-11-28 11:00:00+00:00,99.20000,99.20000,99.20000,99.20000,15
2024-11-28 14:00:00+00:00,99.44000,99.44000,99.38000,99.39000,2485
2024-11-28 15:00:00+00:00,99.27000,99.32000,99.27000,99.32000,91
2024-11-29 08:00:00+00:00,99.44000,99.44000,99.44000,99.44000,0
2024-11-29 13:00:00+00:00,99.19000,99.19000,99.19000,99.19000,0
2024-11-29 14:00:00+00:00,99.23000,99.60000,99.23000,99.60000,315
2024-12-02 08:00:00+00:00,99.80000,100,99.80000,100,21
2024-12-02 09:00:00+00:00,99.91000,99.91000,99.91000,99.91000,112
2024-12-02 10:00:00+00:00,100.099998,100.099998,100.099998,100.099998,8
2024-12-02 12:00:00+00:00,100.32000,100.32000,100.32000,100.32000,1
2024-12-02 14:00:00+00:00,100.16000,100.16000,100.059998,100.059998,546
2024-12-02 15:00:00+00:00,99.72000,99.95000,99.72000,99.95000,258
2024-12-03 08:00:00+00:00,100.40000,100.40000,100.40000,100.40000,0
2024-12-03 10:00:00+00:00,100.80000,100.80000,100.68000,100.68000,108
2024-12-03 13:00:00+00:00,100.74000,100.74000,100.74000,100.74000,48
2024-12-03 14:00:00+00:00,100.40000,100.68000,100.40000,100.68000,58
2024-12-04 08:00:00+00:00,100.70000,100.70000,100.54000,100.66000,187
2024-12-04 10:00:00+00:00,100.28000,100.5,100.28000,100.5,38
2024-12-05 08:00:00+00:00,100.62000,100.62000,100.62000,100.62000,0
2024-12-05 09:00:00+00:00,100.72000,100.72000,100.72000,100.72000,4
2024-12-05 10:00:00+00:00,100.56000,100.56000,100.56000,100.56000,251
2024-12-05 15:00:00+00:00,100.38000,100.60000,100.38000,100.60000,30
2024-12-06 08:00:00+00:00,100.56000,100.56000,100.46000,100.46000,0
2024-12-06 10:00:00+00:00,100.48000,100.66000,100.48000,100.66000,67
2024-12-06 12:00:00+00:00,100.40000,100.40000,100.40000,100.40000,2
2024-12-06 13:00:00+00:00,100.48000,100.48000,100.48000,100.48000,109
2024-12-06 14:00:00+00:00,100.30000,100.30000,100.30000,100.30000,3
2024-12-09 08:00:00+00:00,100.62000,100.62000,100.56000,100.56000,1
2024-12-09 12:00:00+00:00,100.82000,100.82000,100.82000,100.82000,8
2024-12-09 14:00:00+00:00,100.74000,100.82000,100.74000,100.82000,30
2024-12-10 08:00:00+00:00,100.30000,100.30000,100.30000,100.30000,0
2024-12-10 09:00:00+00:00,100.24000,100.24000,100.16000,100.18000,14989
2024-12-10 10:00:00+00:00,100.30000,100.30000,100.30000,100.30000,12
2024-12-10 13:00:00+00:00,100.24000,100.24000,100.24000,100.24000,1
2024-12-10 14:00:00+00:00,100.26000,100.26000,100.26000,100.26000,2641
2024-12-10 16:00:00+00:00,99.87000,100.099998,99.87000,100.099998,506
2024-12-11 08:00:00+00:00,99.69000,99.75,99.59000,99.75,110
2024-12-11 11:00:00+00:00,100.099998,100.099998,100.099998,100.099998,200
2024-12-11 15:00:00+00:00,100.28000,100.44000,100.28000,100.44000,56
2024-12-12 08:00:00+00:00,100.40000,100.40000,100.40000,100.40000,0
2024-12-12 09:00:00+00:00,100.56000,100.56000,100.56000,100.56000,0
2024-12-12 11:00:00+00:00,100.34000,100.34000,100.34000,100.34000,124
2024-12-12 14:00:00+00:00,100.30000,100.30000,100.30000,100.30000,1073
2024-12-12 15:00:00+00:00,100.080002,100.099998,100.080002,100.099998,427
2024-12-13 08:00:00+00:00,99.92000,99.92000,99.92000,99.92000,0
2024-12-13 10:00:00+00:00,99.74000,99.78000,99.74000,99.78000,934
2024-12-13 14:00:00+00:00,99.76000,99.76000,99.30000,99.30000,44
2024-12-16 08:00:00+00:00,99.29000,99.34000,99.29000,99.34000,1
2024-12-16 13:00:00+00:00,99.20000,99.20000,99.20000,99.20000,1
2024-12-16 16:00:00+00:00,99.31000,99.31000,99.30000,99.30000,203
2024-12-17 08:00:00+00:00,98.73000,98.73000,98.73000,98.73000,0
2024-12-17 09:00:00+00:00,98.98000,98.98000,98.98000,98.98000,0
2024-12-17 11:00:00+00:00,98.79000,98.79000,98.79000,98.79000,14
2024-12-17 15:00:00+00:00,98.79000,98.79000,98.79000,98.79000,3
2024-12-17 16:00:00+00:00,98.77000,98.77000,98.75,98.75,405
2024-12-18 08:00:00+00:00,98.81000,98.81000,98.72000,98.72000,2591
2024-12-18 14:00:00+00:00,98.72000,98.72000,98.72000,98.72000,30
2024-12-18 16:00:00+00:00,98.79000,98.80000,98.76000,98.76000,925
2024-12-19 08:00:00+00:00,97.97000,98.089996,97.97000,98.089996,7
2024-12-19 09:00:00+00:00,98.089996,98.089996,98.040001,98.040001,35
2024-12-19 13:00:00+00:00,98.029999,98.029999,98.029999,98.029999,11
2024-12-19 16:00:00+00:00,97.46000,97.54000,97.46000,97.54000,86
2024-12-20 08:00:00+00:00,96.74000,96.80000,96.74000,96.80000,750
2024-12-20 10:00:00+00:00,96.66000,96.66000,96.66000,96.66000,25
2024-12-20 14:00:00+00:00,96.45000,96.45000,96.45000,96.45000,400
2024-12-20 15:00:00+00:00,97.029999,97.34000,97.029999,97.34000,233
2024-12-20 16:00:00+00:00,97.32000,97.32000,97.27000,97.27000,260
2024-12-23 08:00:00+00:00,96.80000,96.80000,96.66000,96.66000,193
2024-12-23 14:00:00+00:00,96.93000,96.93000,96.93000,96.93000,14
2024-12-23 15:00:00+00:00,96.96000,96.97000,96.96000,96.97000,3
2024-12-24 08:00:00+00:00,97.74000,97.81000,97.67000,97.67000,0
2024-12-27 08:00:00+00:00,97.15000,97.18000,97.13000,97.18000,19
2024-12-27 10:00:00+00:00,97.28000,97.28000,97.28000,97.28000,12
2024-12-27 13:00:00+00:00,97.45000,97.45000,97.45000,97.45000,1
2024-12-27 14:00:00+00:00,97.68000,97.68000,97.68000,97.68000,1
2024-12-27 15:00:00+00:00,97.81000,97.88000,97.80000,97.80000,346
2024-12-30 08:00:00+00:00,97.5,97.5,97.49000,97.49000,0
2024-12-30 12:00:00+00:00,97.48000,97.5,97.48000,97.5,1
2024-12-31 08:00:00+00:00,97.20000,97.89000,97.050003,97.89000,0
2025-01-02 08:00:00+00:00,99.070000,99.070000,98.20000,98.20000,25
2025-01-02 13:00:00+00:00,98.5,98.55000,98.5,98.55000,12
2025-01-02 14:00:00+00:00,98.73000,98.74000,98.73000,98.74000,470
2025-01-02 16:00:00+00:00,99.11000,99.15000,99.11000,99.15000,432
2025-01-03 08:00:00+00:00,99.20000,99.20000,99.20000,99.20000,0
2025-01-03 10:00:00+00:00,99,99.029999,99,99.029999,55
2025-01-03 15:00:00+00:00,98.88000,98.88000,98.85000,98.85000,5
2025-01-06 08:00:00+00:00,98.69000,98.75,98.65000,98.75,66
2025-01-06 16:00:00+00:00,99.050003,99.050003,99.050003,99.050003,0
2025-01-07 08:00:00+00:00,98.58000,98.76000,98.58000,98.76000,70
2025-01-07 09:00:00+00:00,98.70000,98.70000,98.70000,98.70000,23
2025-01-07 10:00:00+00:00,98.84000,98.84000,98.84000,98.84000,8
2025-01-07 11:00:00+00:00,98.75,98.75,98.75,98.75,30
2025-01-07 13:00:00+00:00,98.93000,99.019997,98.93000,99.019997,8
2025-01-08 08:00:00+00:00,99.28000,99.28000,99.28000,99.28000,0
2025-01-08 16:00:00+00:00,98.56000,98.62000,98.56000,98.62000,4227
2025-01-09 08:00:00+00:00,97.97000,97.97000,97.97000,97.97000,0
2025-01-09 13:00:00+00:00,98.94000,98.94000,98.94000,98.94000,0
2025-01-09 14:00:00+00:00,99.099998,99.099998,99.099998,99.099998,23
2025-01-09 15:00:00+00:00,99.099998,99.099998,98.98000,99.080002,356
2025-01-10 08:00:00+00:00,98.90000,98.90000,98.90000,98.90000,0
2025-01-10 14:00:00+00:00,98.62000,98.63000,98.62000,98.63000,1
2025-01-10 16:00:00+00:00,98.13000,98.13000,98.13000,98.13000,6
2025-01-13 08:00:00+00:00,97.58000,97.58000,97.56000,97.56000,0
2025-01-13 09:00:00+00:00,97.49000,97.49000,97.49000,97.49000,4
2025-01-13 10:00:00+00:00,97.58000,97.58000,97.58000,97.58000,30
2025-01-13 16:00:00+00:00,97.87000,97.90000,97.80000,97.80000,13
2025-01-14 08:00:00+00:00,97.75,97.81000,97.75,97.81000,0
2025-01-14 10:00:00+00:00,97.65000,97.66000,97.65000,97.66000,1259
2025-01-14 13:00:00+00:00,97.30000,97.30000,97.30000,97.30000,362
2025-01-14 14:00:00+00:00,97.099998,97.099998,97.010002,97.010002,11
2025-01-15 08:00:00+00:00,97.79000,97.79000,97.79000,97.79000,0
2025-01-15 14:00:00+00:00,98.33000,98.33000,98.33000,98.33000,0
2025-01-15 15:00:00+00:00,98.35000,98.35000,98.26000,98.26000,85
2025-01-15 16:00:00+00:00,98.60000,98.60000,98.55000,98.55000,6
2025-01-16 08:00:00+00:00,98.89000,98.90000,98.89000,98.90000,1
2025-01-16 09:00:00+00:00,98.96000,98.96000,98.96000,98.96000,72
2025-01-16 10:00:00+00:00,99.019997,99.019997,99.019997,99.019997,64
2025-01-16 13:00:00+00:00,98.92000,98.92000,98.92000,98.92000,208
2025-01-16 15:00:00+00:00,99.11000,99.46000,99.11000,99.46000,55
2025-01-17 08:00:00+00:00,100.12000,100.12000,100.12000,100.12000,0
2025-01-17 14:00:00+00:00,100.72000,100.72000,100.54000,100.54000,0
2025-01-20 08:00:00+00:00,100.52000,100.66000,100.52000,100.66000,0
2025-01-20 11:00:00+00:00,100.42000,100.62000,100.40000,100.62000,6978
2025-01-21 08:00:00+00:00,100.62000,100.62000,100.62000,100.62000,0
2025-01-21 11:00:00+00:00,100.62000,100.62000,100.62000,100.62000,0
2025-01-21 13:00:00+00:00,100.56000,100.56000,100.56000,100.56000,1
2025-01-21 15:00:00+00:00,100.70000,100.96000,100.70000,100.96000,6
2025-01-22 08:00:00+00:00,101.14000,101.16000,101.14000,101.16000,0
2025-01-22 10:00:00+00:00,101.36000,101.36000,101.36000,101.36000,60
2025-01-22 11:00:00+00:00,101.42000,101.42000,101.42000,101.42000,60
2025-01-22 13:00:00+00:00,101.14000,101.14000,101.14000,101.14000,1
2025-01-22 15:00:00+00:00,100.86000,100.88000,100.86000,100.88000,50
2025-01-23 08:00:00+00:00,100.88000,100.88000,100.88000,100.88000,0
2025-01-23 09:00:00+00:00,100.78000,100.84000,100.78000,100.84000,9
2025-01-23 14:00:00+00:00,101.099998,101.099998,101.099998,101.099998,663
2025-01-23 15:00:00+00:00,101.32000,101.42000,101.30000,101.42000,442
2025-01-24 08:00:00+00:00,101.46000,101.46000,101.46000,101.46000,0
2025-01-24 10:00:00+00:00,100.90000,100.90000,100.90000,100.90000,0
2025-01-24 12:00:00+00:00,100.92000,100.92000,100.92000,100.92000,79
2025-01-24 13:00:00+00:00,100.98000,100.98000,100.98000,100.98000,176
2025-01-24 14:00:00+00:00,100.62000,100.74000,100.62000,100.74000,7
2025-01-27 08:00:00+00:00,100.60000,100.60000,100.60000,100.60000,0
2025-01-27 10:00:00+00:00,100.98000,100.98000,100.98000,100.98000,10
2025-01-27 12:00:00+00:00,100.76000,100.76000,100.76000,100.76000,29
2025-01-27 13:00:00+00:00,100.66000,100.66000,100.66000,100.66000,15
2025-01-27 15:00:00+00:00,100.86000,100.86000,100.86000,100.86000,2
2025-01-27 16:00:00+00:00,100.90000,100.90000,100.80000,100.80000,30
2025-01-28 08:00:00+00:00,101.36000,101.5,101.36000,101.5,0
2025-01-28 09:00:00+00:00,101.58000,101.58000,101.58000,101.58000,1
2025-01-28 10:00:00+00:00,101.66000,101.66000,101.66000,101.66000,69
2025-01-28 11:00:00+00:00,101.82000,101.82000,101.82000,101.82000,108
2025-01-28 13:00:00+00:00,101.70000,101.70000,101.66000,101.66000,29
2025-01-28 14:00:00+00:00,101.88000,101.88000,101.88000,101.88000,387
2025-01-28 16:00:00+00:00,101.62000,101.62000,101.58000,101.58000,11
2025-01-29 08:00:00+00:00,101.72000,101.72000,101.72000,101.72000,0
2025-01-29 10:00:00+00:00,101.88000,101.88000,101.88000,101.88000,0
2025-01-29 11:00:00+00:00,102,102,102,102,166
2025-01-29 13:00:00+00:00,101.86000,101.86000,101.86000,101.86000,6
2025-01-29 14:00:00+00:00,101.82000,102.12000,101.82000,101.84000,517
2025-01-30 08:00:00+00:00,102.040001,102.040001,102.040001,102.040001,0
2025-01-30 09:00:00+00:00,102.18000,102.18000,102.18000,102.18000,0
2025-01-30 12:00:00+00:00,102.58000,102.58000,102.58000,102.58000,487
2025-01-30 13:00:00+00:00,102.5,102.5,102.5,102.5,1
2025-01-30 14:00:00+00:00,102.52000,102.52000,102.52000,102.52000,13
2025-01-30 15:00:00+00:00,103,103.14000,103,103.14000,1
2025-01-31 08:00:00+00:00,103.38000,103.40000,103.38000,103.40000,20
2025-01-31 11:00:00+00:00,103.54000,103.58000,103.54000,103.58000,206
2025-01-31 12:00:00+00:00,103.5,103.5,103.5,103.5,985
2025-01-31 13:00:00+00:00,103.60000,103.60000,103.60000,103.60000,1310
2025-02-03 08:00:00+00:00,102.64000,102.64000,102.64000,102.64000,0
2025-02-03 10:00:00+00:00,102.62000,102.62000,102.62000,102.62000,12
2025-02-03 15:00:00+00:00,102.60000,103.059998,102.60000,103.059998,1106
2025-02-04 08:00:00+00:00,102.68000,102.68000,102.68000,102.68000,0
2025-02-04 09:00:00+00:00,102.58000,102.58000,102.58000,102.58000,183
2025-02-04 11:00:00+00:00,102.80000,102.80000,102.80000,102.80000,228
2025-02-04 16:00:00+00:00,102.84000,102.88000,102.74000,102.88000,1291
2025-02-05 08:00:00+00:00,102.74000,102.80000,102.74000,102.80000,0
2025-02-05 11:00:00+00:00,102.86000,102.86000,102.86000,102.86000,68
2025-02-05 12:00:00+00:00,103.019997,103.019997,103.019997,103.019997,47
2025-02-05 13:00:00+00:00,103.18000,103.18000,103.18000,103.18000,0
2025-02-05 15:00:00+00:00,102.92000,103.32000,102.92000,103.32000,620
2025-02-06 08:00:00+00:00,102.66000,103.059998,102.66000,103.059998,35
2025-02-07 08:00:00+00:00,102.82000,102.82000,102.82000,102.82000,0
2025-02-07 09:00:00+00:00,102.80000,102.80000,102.80000,102.80000,0
2025-02-07 10:00:00+00:00,102.76000,102.76000,102.76000,102.76000,52
2025-02-07 12:00:00+00:00,102.62000,102.62000,102.62000,102.62000,3
2025-02-07 16:00:00+00:00,102.74000,102.74000,102.64000,102.64000,127
2025-02-10 08:00:00+00:00,102.96000,103.16000,102.96000,103.16000,41
2025-02-10 09:00:00+00:00,103.30000,103.30000,103.30000,103.30000,1950
2025-02-10 11:00:00+00:00,103.40000,103.40000,103.40000,103.40000,10
2025-02-10 14:00:00+00:00,103.56000,103.60000,103.56000,103.60000,164
2025-02-10 15:00:00+00:00,103.62000,103.62000,103.62000,103.62000,6
2025-02-10 16:00:00+00:00,103.62000,103.74000,103.62000,103.74000,54
2025-02-11 08:00:00+00:00,103.48000,103.48000,103.48000,103.48000,0
2025-02-11 15:00:00+00:00,103.52000,103.72000,103.46000,103.72000,36
2025-02-12 08:00:00+00:00,103.74000,103.74000,103.74000,103.74000,0
2025-02-12 09:00:00+00:00,103.76000,103.76000,103.76000,103.76000,4
2025-02-12 10:00:00+00:00,103.80000,103.80000,103.54000,103.54000,38
2025-02-12 13:00:00+00:00,103.5,103.5,103.5,103.5,10
2025-02-12 14:00:00+00:00,103.5,103.82000,103.5,103.82000,20
2025-02-13 08:00:00+00:00,103.68000,103.68000,103.68000,103.68000,0
2025-02-13 14:00:00+00:00,103.40000,103.56000,103.40000,103.56000,65
2025-02-14 08:00:00+00:00,103.44000,103.44000,103.36000,103.36000,116
2025-02-14 09:00:00+00:00,103.36000,103.36000,103.36000,103.36000,2
2025-02-14 10:00:00+00:00,103.42000,103.42000,103.42000,103.42000,194
2025-02-14 11:00:00+00:00,103.36000,103.36000,103.36000,103.36000,103
2025-02-14 13:00:00+00:00,103.30000,103.30000,103.059998,103.059998,250
2025-02-17 08:00:00+00:00,103.32000,103.32000,103.32000,103.32000,0
2025-02-17 10:00:00+00:00,103.48000,103.48000,103.48000,103.48000,0
2025-02-17 12:00:00+00:00,103.64000,103.64000,103.60000,103.60000,267
2025-02-17 13:00:00+00:00,103.64000,103.64000,103.60000,103.60000,86
2025-02-17 14:00:00+00:00,103.68000,103.68000,103.68000,103.68000,34
2025-02-17 15:00:00+00:00,103.58000,103.86000,103.58000,103.86000,9
2025-02-18 08:00:00+00:00,104.24000,104.24000,104.24000,104.24000,0
2025-02-18 09:00:00+00:00,104,104.040001,104,104.040001,53
2025-02-18 11:00:00+00:00,104.019997,104.019997,104.019997,104.019997,30
2025-02-18 13:00:00+00:00,104.14000,104.14000,104.14000,104.14000,20
2025-02-18 16:00:00+00:00,104.18000,104.18000,104.099998,104.099998,42
2025-02-19 08:00:00+00:00,104.26000,104.26000,104.18000,104.18000,1
2025-02-19 14:00:00+00:00,103.32000,103.32000,103.32000,103.32000,9
2025-02-19 15:00:00+00:00,103.66000,103.66000,103.60000,103.60000,105
2025-02-19 16:00:00+00:00,103.62000,103.62000,103.58000,103.58000,25
2025-02-20 08:00:00+00:00,103.58000,103.58000,103.58000,103.58000,0
2025-02-20 09:00:00+00:00,103.78000,103.78000,103.78000,103.78000,3
2025-02-20 12:00:00+00:00,103.42000,103.42000,103.42000,103.42000,75
2025-02-20 14:00:00+00:00,103.28000,103.28000,103.28000,103.28000,28
2025-02-20 15:00:00+00:00,103.28000,103.28000,103.16000,103.16000,30
2025-02-21 08:00:00+00:00,103.22000,103.22000,103.22000,103.22000,0
2025-02-21 10:00:00+00:00,103.40000,103.40000,103.40000,103.40000,0
2025-02-21 15:00:00+00:00,103.12000,103.12000,103.12000,103.12000,90
2025-02-21 16:00:00+00:00,103.34000,103.40000,103.34000,103.40000,2
2025-02-24 08:00:00+00:00,103.14000,103.18000,103.14000,103.18000,12
2025-02-24 09:00:00+00:00,103.40000,103.40000,103.40000,103.40000,20
2025-02-24 10:00:00+00:00,103.38000,103.38000,103.38000,103.38000,100
2025-02-24 15:00:00+00:00,102.70000,102.70000,102.70000,102.70000,12
2025-02-24 16:00:00+00:00,103.099998,103.099998,103.099998,103.099998,0
2025-02-25 08:00:00+00:00,103,103.099998,103,103.099998,1
2025-02-25 11:00:00+00:00,103.48000,103.48000,103.38000,103.38000,58
2025-02-25 16:00:00+00:00,103.14000,103.14000,103.12000,103.12000,191
2025-02-26 08:00:00+00:00,103.86000,103.86000,103.82000,103.82000,0
2025-02-26 10:00:00+00:00,103.82000,103.82000,103.82000,103.82000,400
2025-02-26 12:00:00+00:00,104,104,104,104,11
2025-02-26 13:00:00+00:00,103.88000,104.22000,103.88000,104.22000,115
2025-02-27 08:00:00+00:00,104.16000,104.30000,104.16000,104.30000,22
2025-02-27 09:00:00+00:00,104.40000,104.40000,104.40000,104.40000,23
2025-02-27 10:00:00+00:00,104.48000,104.48000,104.48000,104.48000,39
2025-02-27 12:00:00+00:00,104.68000,104.68000,104.68000,104.68000,53
2025-02-27 15:00:00+00:00,104.90000,104.92000,104.90000,104.92000,60
2025-02-28 08:00:00+00:00,104.54000,104.54000,104.54000,104.54000,0
2025-02-28 09:00:00+00:00,104.70000,104.72000,104.70000,104.72000,11
2025-02-28 10:00:00+00:00,105,105,105,105,28
2025-02-28 13:00:00+00:00,105.12000,105.12000,105.12000,105.12000,2
2025-02-28 14:00:00+00:00,105.28000,105.28000,105.28000,105.28000,28
2025-02-28 16:00:00+00:00,105.5,105.5,105.30000,105.30000,38
2025-03-03 08:00:00+00:00,105.94000,106,105.80000,105.80000,1914
2025-03-03 09:00:00+00:00,105.80000,106.059998,105.78000,106.059998,397
2025-03-03 10:00:00+00:00,105.98000,106.22000,105.92000,106.22000,319
2025-03-03 11:00:00+00:00,106.20000,106.34000,106.20000,106.34000,160
2025-03-03 12:00:00+00:00,106.34000,106.44000,106.30000,106.44000,108
2025-03-03 13:00:00+00:00,106.58000,106.58000,106.42000,106.56000,1166
2025-03-03 14:00:00+00:00,106.60000,106.62000,106.5,106.5,116
2025-03-03 15:00:00+00:00,106.40000,106.76000,106.40000,106.76000,210
2025-03-03 16:00:00+00:00,106.44000,106.44000,106.22000,106.22000,38
2025-03-04 08:00:00+00:00,105.52000,105.52000,105.40000,105.40000,95
2025-03-04 09:00:00+00:00,105.70000,105.70000,105.70000,105.70000,10
2025-03-04 11:00:00+00:00,105.80000,105.80000,105.70000,105.70000,73
2025-03-04 12:00:00+00:00,105.52000,105.52000,105.26000,105.26000,172
2025-03-04 13:00:00+00:00,105.26000,105.26000,104.90000,104.90000,227
2025-03-04 14:00:00+00:00,104.98000,104.98000,104.96000,104.96000,51
2025-03-04 15:00:00+00:00,104.90000,104.96000,104.90000,104.96000,110
2025-03-04 16:00:00+00:00,104.90000,104.90000,104.5,104.60000,830
2025-03-05 08:00:00+00:00,104.54000,104.80000,104.54000,104.80000,239
2025-03-05 09:00:00+00:00,104.5,104.58000,104.5,104.58000,84
2025-03-05 10:00:00+00:00,104.70000,104.70000,104.42000,104.42000,188
2025-03-05 12:00:00+00:00,104.34000,104.34000,104.20000,104.20000,82
2025-03-05 13:00:00+00:00,104.24000,104.24000,104,104,109
2025-03-05 14:00:00+00:00,103.84000,103.84000,103.84000,103.84000,50
2025-03-05 15:00:00+00:00,104.019997,104.019997,103.56000,103.56000,22
2025-03-06 08:00:00+00:00,103.74000,103.74000,102.98000,102.98000,542
2025-03-06 09:00:00+00:00,102.76000,102.76000,102.62000,102.62000,24
2025-03-06 10:00:00+00:00,102.5,102.68000,102.5,102.68000,146
2025-03-06 11:00:00+00:00,102.60000,102.60000,102.60000,102.60000,398
2025-03-06 13:00:00+00:00,102.60000,102.60000,102.26000,102.26000,1276
2025-03-06 14:00:00+00:00,102.46000,102.46000,102.46000,102.46000,51
2025-03-06 16:00:00+00:00,102.78000,102.78000,102.60000,102.60000,11
2025-03-07 08:00:00+00:00,102.28000,102.28000,102,102,99
2025-03-07 11:00:00+00:00,102.24000,102.24000,102.099998,102.20000,140
2025-03-07 12:00:00+00:00,102,102,102,102,200
2025-03-07 13:00:00+00:00,102,102,102,102,2
2025-03-10 08:00:00+00:00,102.62000,102.62000,102.30000,102.30000,60
2025-03-10 13:00:00+00:00,101.96000,101.96000,101.96000,101.96000,97
2025-03-10 16:00:00+00:00,101.58000,101.58000,101.52000,101.52000,244
2025-03-11 08:00:00+00:00,100.84000,100.84000,100.84000,100.84000,0
2025-03-11 10:00:00+00:00,101.040001,101.040001,101.019997,101.019997,41
2025-03-11 11:00:00+00:00,100.96000,100.96000,100.96000,100.96000,20
2025-03-11 12:00:00+00:00,100.82000,100.82000,100.82000,100.82000,24
2025-03-11 13:00:00+00:00,100.26000,100.26000,100.20000,100.20000,63
2025-03-11 14:00:00+00:00,100,100,99.96000,99.96000,78
2025-03-11 16:00:00+00:00,99.63000,99.77000,99.63000,99.77000,30
2025-03-12 08:00:00+00:00,100.20000,100.20000,100.14000,100.14000,35
2025-03-12 09:00:00+00:00,100.42000,100.42000,100.42000,100.42000,40
2025-03-12 11:00:00+00:00,100.86000,100.86000,100.86000,100.86000,10
2025-03-12 13:00:00+00:00,100.58000,100.58000,100.58000,100.58000,2
2025-03-12 14:00:00+00:00,100.32000,100.32000,100.18000,100.18000,556
2025-03-12 15:00:00+00:00,100,100.60000,100,100.60000,24
2025-03-13 08:00:00+00:00,100.90000,101.12000,100.90000,101.12000,0
2025-03-13 09:00:00+00:00,101.32000,101.32000,101.32000,101.32000,7
2025-03-13 11:00:00+00:00,101.16000,101.16000,101,101,619
2025-03-13 13:00:00+00:00,101.22000,101.22000,101.099998,101.099998,28
2025-03-13 14:00:00+00:00,101.019997,101.12000,101,101,2331
2025-03-14 08:00:00+00:00,101.16000,101.36000,101.040001,101.36000,33
2025-03-14 09:00:00+00:00,101.34000,101.34000,101.34000,101.34000,223
2025-03-14 10:00:00+00:00,101.28000,101.28000,101.28000,101.28000,85
2025-03-14 11:00:00+00:00,101.28000,101.28000,101.28000,101.28000,13
2025-03-14 12:00:00+00:00,101.38000,101.38000,101.38000,101.38000,8
2025-03-14 14:00:00+00:00,101.76000,101.84000,101.76000,101.84000,1715
2025-03-17 08:00:00+00:00,102.080002,102.080002,101.90000,101.90000,0
2025-03-17 09:00:00+00:00,102.12000,102.12000,102.099998,102.099998,175
2025-03-17 10:00:00+00:00,102.14000,102.14000,102.14000,102.14000,8
2025-03-17 11:00:00+00:00,102,102,102,102,14
2025-03-17 13:00:00+00:00,102.24000,102.46000,102.24000,102.46000,90
2025-03-17 14:00:00+00:00,102.48000,102.48000,102.48000,102.48000,30
2025-03-17 16:00:00+00:00,102.42000,102.42000,102.42000,102.42000,0
2025-03-18 08:00:00+00:00,102.60000,102.70000,102.60000,102.70000,22
2025-03-18 09:00:00+00:00,102.84000,102.84000,102.84000,102.84000,50
2025-03-18 10:00:00+00:00,102.76000,102.76000,102.76000,102.76000,10
2025-03-18 13:00:00+00:00,102.72000,102.72000,102.72000,102.72000,15
2025-03-18 14:00:00+00:00,102.70000,102.70000,102.70000,102.70000,1
2025-03-18 15:00:00+00:00,102.62000,102.62000,102.62000,102.62000,2
2025-03-19 08:00:00+00:00,102.5,102.5,102.42000,102.42000,5
2025-03-19 11:00:00+00:00,102.60000,103.099998,102.60000,103.099998,28
2025-03-20 08:00:00+00:00,103.099998,103.099998,103.099998,103.099998,0
2025-03-20 09:00:00+00:00,103.099998,103.099998,103.099998,103.099998,0
2025-03-20 11:00:00+00:00,103.24000,103.24000,103.24000,103.24000,67
2025-03-20 13:00:00+00:00,103.14000,103.14000,103.14000,103.14000,32
2025-03-20 14:00:00+00:00,103.42000,103.42000,103.30000,103.30000,114
2025-03-20 15:00:00+00:00,103.26000,103.46000,103.26000,103.46000,429
2025-03-20 16:00:00+00:00,103.18000,103.18000,103.18000,103.18000,30
2025-03-21 08:00:00+00:00,102.82000,102.82000,102.82000,102.82000,0
2025-03-21 10:00:00+00:00,102.62000,102.62000,102.62000,102.62000,0
2025-03-21 14:00:00+00:00,102.30000,102.5,102.30000,102.5,12
2025-03-24 08:00:00+00:00,103.040001,103.040001,102.60000,102.60000,0
2025-03-25 08:00:00+00:00,102.98000,102.98000,102.98000,102.98000,0
2025-03-25 15:00:00+00:00,103.019997,103.24000,103.019997,103.24000,8
2025-03-26 08:00:00+00:00,103.30000,103.30000,102.90000,102.90000,202
2025-03-26 09:00:00+00:00,102.84000,102.84000,102.84000,102.84000,1
2025-03-26 11:00:00+00:00,103,103,103,103,40
2025-03-26 13:00:00+00:00,103,103,103,103,70
2025-03-26 14:00:00+00:00,103.26000,103.26000,103.12000,103.12000,452
2025-03-27 08:00:00+00:00,103.059998,103.059998,103,103,0
2025-03-27 10:00:00+00:00,103.040001,103.040001,103.040001,103.040001,2
2025-03-27 12:00:00+00:00,102.84000,102.84000,102.84000,102.84000,1
2025-03-27 13:00:00+00:00,102.72000,103.36000,102.72000,103.36000,71
2025-03-28 08:00:00+00:00,103.28000,103.28000,103.28000,103.28000,0
2025-03-28 09:00:00+00:00,103.70000,103.70000,103.70000,103.70000,0
2025-03-28 11:00:00+00:00,103.60000,103.60000,102.84000,102.84000,358
2025-03-31 07:00:00+00:00,102.059998,102.059998,102.059998,102.059998,0
2025-03-31 10:00:00+00:00,101.60000,101.98000,101.60000,101.98000,0
2025-04-01 07:00:00+00:00,102.80000,102.80000,102.80000,102.80000,0
2025-04-01 11:00:00+00:00,102.58000,102.58000,102.58000,102.58000,4
2025-04-01 14:00:00+00:00,102.080002,102.68000,102.080002,102.68000,18
2025-04-02 07:00:00+00:00,102.54000,102.54000,102.54000,102.54000,0
2025-04-02 10:00:00+00:00,102,102,102,102,0
2025-04-02 13:00:00+00:00,102,102,102,102,8
2025-04-02 15:00:00+00:00,101.92000,102.059998,101.92000,102.059998,44
2025-04-03 07:00:00+00:00,100.88000,100.88000,100.88000,100.88000,0
2025-04-03 08:00:00+00:00,101.28000,101.28000,101.28000,101.28000,5
2025-04-03 09:00:00+00:00,101.040001,101.040001,100.90000,100.98000,2392
2025-04-03 10:00:00+00:00,100.40000,100.40000,100.40000,100.40000,100
2025-04-03 12:00:00+00:00,100.18000,100.30000,100.18000,100.30000,28
2025-04-03 14:00:00+00:00,99.98000,99.98000,99.80000,99.80000,88
2025-04-04 07:00:00+00:00,98.92000,98.92000,98.57000,98.57000,16
2025-04-04 08:00:00+00:00,98.32000,98.32000,97.91000,97.91000,35
2025-04-04 09:00:00+00:00,98,98,98,98,2
2025-04-04 10:00:00+00:00,96,96,96,96,10
2025-04-04 11:00:00+00:00,95.5,95.58000,94.86000,94.97000,117
2025-04-04 12:00:00+00:00,95.39000,95.39000,94.39000,94.39000,2
2025-04-07 07:00:00+00:00,88.92000,88.92000,88.92000,88.92000,0
2025-04-07 08:00:00+00:00,89.39000,89.39000,89.39000,89.39000,2
2025-04-07 10:00:00+00:00,90.34000,90.34000,90.34000,90.34000,2
2025-04-07 12:00:00+00:00,89.47000,89.78000,89.39000,89.78000,57
2025-04-07 13:00:00+00:00,90,90.040001,89.90000,90.040001,4
2025-04-07 14:00:00+00:00,91,91,89.050003,89.050003,13
2025-04-08 07:00:00+00:00,90.5,90.5,90.5,90.5,0
2025-04-08 08:00:00+00:00,90.33000,90.33000,90.33000,90.33000,100
2025-04-08 11:00:00+00:00,91.54000,92.050003,91.54000,92.050003,1536
2025-04-08 15:00:00+00:00,92.23000,92.23000,91.76000,91.76000,230
2025-04-09 07:00:00+00:00,89.53000,89.53000,89.53000,89.53000,0
2025-04-09 11:00:00+00:00,87.77000,87.77000,87.77000,87.77000,25
2025-04-09 13:00:00+00:00,88.33000,88.59000,88.33000,88.59000,52
2025-04-09 15:00:00+00:00,88.23000,88.23000,88.20000,88.20000,18
2025-04-10 07:00:00+00:00,94.80000,94.80000,93.81000,93.81000,20
2025-04-10 08:00:00+00:00,92.96000,92.96000,92.76000,92.76000,54
2025-04-10 09:00:00+00:00,92.94000,92.94000,92.94000,92.94000,10
2025-04-10 12:00:00+00:00,92.95000,92.95000,92.42000,92.42000,4
2025-04-10 13:00:00+00:00,92.34000,92.34000,92.16000,92.16000,22
2025-04-10 14:00:00+00:00,92.28000,92.28000,92.18000,92.18000,18
2025-04-10 15:00:00+00:00,91.80000,91.80000,91.51000,91.51000,2
2025-04-11 07:00:00+00:00,91.59000,91.59000,91.27000,91.27000,312
2025-04-11 12:00:00+00:00,91.73000,91.73000,91.73000,91.73000,16
2025-04-11 14:00:00+00:00,91.5,91.5,91.5,91.5,1
2025-04-11 15:00:00+00:00,91.45000,91.45000,91.40000,91.40000,468
2025-04-14 07:00:00+00:00,93.010002,93.53000,93.010002,93.53000,0
2025-04-14 09:00:00+00:00,93.74000,93.74000,93.38000,93.38000,5
2025-04-14 15:00:00+00:00,94.080002,94.080002,93.84000,93.84000,4
2025-04-15 07:00:00+00:00,94.91000,95,94.91000,95,0
2025-04-15 14:00:00+00:00,96.13000,96.30000,96.13000,96.30000,358
2025-04-16 07:00:00+00:00,95.78000,95.78000,95.78000,95.78000,0
2025-04-16 08:00:00+00:00,95.60000,95.60000,95.60000,95.60000,107
2025-04-16 09:00:00+00:00,95.77000,95.77000,95.77000,95.77000,26
2025-04-16 10:00:00+00:00,95.69000,95.69000,95.69000,95.69000,49
2025-04-16 13:00:00+00:00,95.76000,95.76000,95.76000,95.76000,1
2025-04-16 14:00:00+00:00,95.80000,95.80000,95.77000,95.77000,448
2025-04-16 15:00:00+00:00,95.94000,96.25,95.94000,96.25,76
2025-04-17 07:00:00+00:00,95.67000,95.67000,95.67000,95.67000,0
2025-04-17 09:00:00+00:00,95.63000,96.53000,95.63000,96.53000,0
2025-04-22 07:00:00+00:00,96.22000,96.24000,96.22000,96.24000,150
2025-04-22 08:00:00+00:00,96.32000,96.32000,96.32000,96.32000,10
2025-04-22 10:00:00+00:00,96.25,96.25,96.25,96.25,300
2025-04-22 13:00:00+00:00,96.68000,96.68000,96.68000,96.68000,124
2025-04-22 14:00:00+00:00,96.85000,96.85000,96.85000,96.85000,271
2025-04-22 15:00:00+00:00,97.029999,97.029999,97.029999,97.029999,89
2025-04-23 07:00:00+00:00,98.51000,98.55000,98.51000,98.55000,20
2025-04-23 12:00:00+00:00,98.019997,98.019997,98.019997,98.019997,91
2025-04-23 13:00:00+00:00,98.23000,98.40000,98.010002,98.010002,4527
2025-04-24 07:00:00+00:00,98.18000,98.18000,98.18000,98.18000,0
2025-04-24 11:00:00+00:00,98.21000,98.21000,98.21000,98.21000,0
2025-04-24 12:00:00+00:00,98.19000,98.23000,98.19000,98.23000,175
2025-04-24 13:00:00+00:00,97.78000,98.52000,97.78000,98.52000,8
2025-04-25 07:00:00+00:00,98.72000,98.72000,98.72000,98.72000,0
2025-04-25 08:00:00+00:00,98.68000,98.68000,98.68000,98.68000,0
2025-04-25 09:00:00+00:00,98.5,98.5,98.5,98.5,4
2025-04-25 10:00:00+00:00,98.71000,98.71000,98.46000,98.46000,739
2025-04-28 07:00:00+00:00,99.080002,99.080002,99.080002,99.080002,0
2025-04-28 13:00:00+00:00,99.19000,99.19000,99.070000,99.070000,0
2025-04-29 07:00:00+00:00,99.19000,99.19000,99.19000,99.19000,0
2025-04-29 08:00:00+00:00,99.080002,99.54000,99.080002,99.54000,0
2025-04-30 07:00:00+00:00,99.77000,99.85000,99.77000,99.85000,0
2025-04-30 11:00:00+00:00,99.53000,99.53000,99.53000,99.53000,14
2025-04-30 13:00:00+00:00,99.43000,99.49000,99.43000,99.49000,283
2025-05-02 07:00:00+00:00,100.68000,100.68000,100.68000,100.68000,1
2025-05-02 09:00:00+00:00,100.24000,100.24000,100.24000,100.24000,0
2025-05-02 15:00:00+00:00,100.62000,100.62000,100.62000,100.62000,0
2025-05-05 07:00:00+00:00,100.64000,100.64000,100.64000,100.64000,0
2025-05-05 08:00:00+00:00,100.70000,101.16000,100.66000,101.16000,69
2025-05-05 13:00:00+00:00,100.90000,100.90000,100.90000,100.90000,2
2025-05-05 14:00:00+00:00,100.84000,100.84000,100.84000,100.84000,50
2025-05-05 15:00:00+00:00,100.98000,101.34000,100.92000,100.92000,113
2025-05-06 07:00:00+00:00,101.26000,101.26000,101.26000,101.26000,0
2025-05-06 14:00:00+00:00,101.26000,101.26000,101.22000,101.22000,0
2025-05-07 07:00:00+00:00,100.66000,100.66000,100.66000,100.66000,0
2025-05-07 10:00:00+00:00,100.42000,100.56000,100.42000,100.56000,5
2025-05-08 07:00:00+00:00,101.019997,101.019997,101.019997,101.019997,0
2025-05-08 12:00:00+00:00,101.080002,101.080002,100.78000,100.78000,604
2025-05-09 07:00:00+00:00,100.96000,100.96000,100.96000,100.96000,0
2025-05-09 12:00:00+00:00,101.18000,101.18000,100.96000,100.96000,100
2025-05-12 07:00:00+00:00,102.42000,102.42000,102.42000,102.42000,0
2025-05-12 12:00:00+00:00,102.18000,102.18000,102.18000,102.18000,1
2025-05-13 07:00:00+00:00,102.019997,102.20000,102.019997,102.20000,0
2025-05-13 11:00:00+00:00,102.54000,102.54000,102.54000,102.54000,507
2025-05-13 14:00:00+00:00,102.099998,102.099998,102.099998,102.099998,4
2025-05-13 15:00:00+00:00,102.18000,102.30000,102.18000,102.30000,38
2025-05-14 07:00:00+00:00,102.12000,102.32000,102.12000,102.32000,4
2025-05-14 08:00:00+00:00,102.18000,102.18000,102.18000,102.18000,3
2025-05-14 11:00:00+00:00,102.34000,102.34000,101.78000,101.78000,31
2025-05-15 07:00:00+00:00,101.52000,101.52000,101.52000,101.52000,0
2025-05-15 13:00:00+00:00,102.40000,102.40000,102.38000,102.38000,1970
2025-05-15 15:00:00+00:00,102.46000,102.62000,102.46000,102.62000,163
2025-05-16 07:00:00+00:00,103.26000,103.26000,103.20000,103.20000,0
2025-05-16 09:00:00+00:00,103.24000,103.24000,103.24000,103.24000,68
2025-05-16 12:00:00+00:00,103.019997,103.5,102.88000,103.5,567
2025-05-19 07:00:00+00:00,103.12000,103.12000,102.92000,102.92000,0
2025-05-19 08:00:00+00:00,102.94000,102.94000,102.94000,102.94000,1
2025-05-19 12:00:00+00:00,102.90000,103.28000,102.90000,103.28000,245
2025-05-20 07:00:00+00:00,103.78000,103.78000,103.68000,103.68000,22
2025-05-20 15:00:00+00:00,104.40000,104.40000,104.40000,104.40000,1
2025-05-21 07:00:00+00:00,104.30000,104.30000,104.30000,104.30000,0
2025-05-21 08:00:00+00:00,104.18000,104.18000,104.18000,104.18000,0
2025-05-21 09:00:00+00:00,103.96000,103.96000,103.96000,103.96000,0
2025-05-21 11:00:00+00:00,104.18000,104.18000,104.18000,104.18000,0
2025-05-21 13:00:00+00:00,104.34000,104.36000,104.34000,104.36000,0
2025-05-22 07:00:00+00:00,103.96000,103.96000,103.96000,103.96000,0
2025-05-22 09:00:00+00:00,103.60000,103.60000,103.52000,103.52000,0
2025-05-22 10:00:00+00:00,103.86000,103.90000,103.86000,103.90000,964
2025-05-22 13:00:00+00:00,103.58000,103.58000,103.58000,103.58000,47
2025-05-22 14:00:00+00:00,103.88000,104.12000,103.88000,104.12000,9
2025-05-23 07:00:00+00:00,104.38000,104.38000,104.38000,104.38000,0
2025-05-23 10:00:00+00:00,104.12000,104.12000,104.12000,104.12000,0
2025-05-23 11:00:00+00:00,103.68000,103.68000,103.68000,103.68000,626
2025-05-23 15:00:00+00:00,103.92000,103.98000,103.88000,103.92000,590
2025-05-26 07:00:00+00:00,104.32000,104.78000,104.32000,104.78000,100
2025-05-26 09:00:00+00:00,105,105,105,105,20
2025-05-26 11:00:00+00:00,105.16000,105.16000,104.90000,104.90000,175
2025-05-26 12:00:00+00:00,104.94000,104.94000,104.94000,104.94000,21
2025-05-26 14:00:00+00:00,104.94000,104.94000,104.80000,104.80000,1239
2025-05-27 07:00:00+00:00,105.040001,105.040001,105.040001,105.040001,0
2025-05-27 10:00:00+00:00,105.18000,105.18000,105.18000,105.18000,177
2025-05-27 12:00:00+00:00,104.96000,104.96000,104.92000,104.92000,6
2025-05-28 07:00:00+00:00,105.059998,105.059998,105,105,0
2025-05-28 08:00:00+00:00,105.099998,105.099998,105.099998,105.099998,2
2025-05-28 10:00:00+00:00,104.68000,104.68000,104.68000,104.68000,39
2025-05-28 12:00:00+00:00,104.74000,104.74000,104.44000,104.44000,1578
2025-05-28 15:00:00+00:00,104.28000,104.28000,104.28000,104.28000,0
2025-05-29 07:00:00+00:00,104.78000,104.78000,104.78000,104.78000,0
2025-05-29 09:00:00+00:00,104.52000,104.52000,104.52000,104.52000,957
2025-05-29 13:00:00+00:00,104.26000,104.26000,104.080002,104.080002,203
2025-05-29 14:00:00+00:00,103.94000,103.94000,103.94000,103.94000,5
2025-05-30 07:00:00+00:00,104.36000,104.36000,104.36000,104.36000,0
2025-05-30 11:00:00+00:00,104.72000,104.72000,104.72000,104.72000,0
2025-05-30 12:00:00+00:00,104.48000,104.48000,104.48000,104.48000,200
2025-05-30 15:00:00+00:00,104.60000,104.60000,104.60000,104.60000,0
2025-06-02 07:00:00+00:00,104.54000,104.54000,104.099998,104.099998,80
2025-06-02 08:00:00+00:00,104.36000,104.64000,104.36000,104.56000,1997
2025-06-02 09:00:00+00:00,104.5,104.5,104.48000,104.48000,960
2025-06-02 11:00:00+00:00,104.64000,104.64000,104.64000,104.64000,430
2025-06-02 12:00:00+00:00,104.52000,104.58000,104.52000,104.58000,782
2025-06-02 13:00:00+00:00,104.48000,104.48000,104.48000,104.48000,159
2025-06-02 15:00:00+00:00,104.52000,104.52000,104.52000,104.52000,0
2025-06-03 07:00:00+00:00,104.62000,104.62000,104.62000,104.62000,0
2025-06-03 08:00:00+00:00,104.080002,104.080002,104.080002,104.080002,18
2025-06-03 11:00:00+00:00,104.62000,104.62000,104.62000,104.62000,75
2025-06-03 12:00:00+00:00,104.74000,104.82000,104.74000,104.82000,1264
2025-06-03 13:00:00+00:00,104.84000,104.84000,104.84000,104.84000,500
2025-06-03 14:00:00+00:00,104.76000,104.94000,104.76000,104.94000,10
2025-06-04 07:00:00+00:00,105.059998,105.059998,105.059998,105.059998,1
2025-06-04 08:00:00+00:00,104.98000,104.98000,104.98000,104.98000,0
2025-06-04 10:00:00+00:00,105.18000,105.18000,105.18000,105.18000,57
2025-06-04 14:00:00+00:00,105.28000,105.28000,105.040001,105.040001,300
2025-06-05 07:00:00+00:00,105.12000,105.12000,105.12000,105.12000,0
2025-06-05 08:00:00+00:00,105.22000,105.22000,105.22000,105.22000,0
2025-06-05 12:00:00+00:00,105.38000,105.38000,105.38000,105.38000,829
2025-06-05 14:00:00+00:00,104.92000,104.92000,104.92000,104.92000,14
2025-06-05 15:00:00+00:00,105.059998,105.14000,105.059998,105.14000,2
2025-06-06 07:00:00+00:00,105.099998,105.099998,105.099998,105.099998,0
2025-06-06 10:00:00+00:00,105.040001,105.040001,105.040001,105.040001,0
2025-06-06 11:00:00+00:00,105.059998,105.059998,105.059998,105.059998,1012
2025-06-06 13:00:00+00:00,105.32000,105.38000,105.32000,105.38000,506
2025-06-09 07:00:00+00:00,105.62000,105.62000,105.62000,105.62000,0
2025-06-09 08:00:00+00:00,105.52000,105.52000,105.52000,105.52000,5
2025-06-09 10:00:00+00:00,105.44000,105.44000,105.44000,105.44000,22
2025-06-09 15:00:00+00:00,105.36000,105.38000,105.36000,105.38000,130
2025-06-10 07:00:00+00:00,105.34000,105.34000,105.34000,105.34000,0
2025-06-10 10:00:00+00:00,105.36000,105.36000,105.36000,105.36000,0
2025-06-10 15:00:00+00:00,105.42000,105.5,105.42000,105.5,0
2025-06-11 07:00:00+00:00,105.40000,105.40000,105.40000,105.40000,0
2025-06-11 10:00:00+00:00,105,105.12000,104.98000,105.12000,660
2025-06-11 12:00:00+00:00,105.30000,105.30000,105.30000,105.30000,363
2025-06-11 13:00:00+00:00,104.98000,104.98000,104.94000,104.94000,26
2025-06-11 15:00:00+00:00,105.12000,105.32000,105.12000,105.18000,1003
2025-06-12 07:00:00+00:00,104.90000,104.90000,104.90000,104.90000,0
2025-06-12 08:00:00+00:00,104.66000,104.66000,104.66000,104.66000,0
2025-06-12 09:00:00+00:00,104.68000,104.68000,104.68000,104.68000,51
2025-06-12 13:00:00+00:00,104.64000,104.64000,104.64000,104.64000,0
2025-06-12 14:00:00+00:00,104.94000,104.94000,104.94000,104.94000,0
2025-06-13 07:00:00+00:00,104.20000,104.20000,104.20000,104.20000,0
2025-06-13 10:00:00+00:00,104.58000,104.58000,104.58000,104.58000,0
2025-06-13 12:00:00+00:00,104.82000,104.82000,104.74000,104.74000,1315
2025-06-13 13:00:00+00:00,104.74000,104.74000,104.74000,104.74000,0
2025-06-13 14:00:00+00:00,104.40000,104.5,104.40000,104.5,2606
2025-06-16 07:00:00+00:00,104.68000,104.68000,104.68000,104.68000,0
2025-06-16 10:00:00+00:00,104.88000,104.88000,104.88000,104.88000,6
2025-06-17 07:00:00+00:00,104.18000,104.18000,104.18000,104.18000,0
2025-06-17 09:00:00+00:00,104.059998,104.059998,104.059998,104.059998,84
2025-06-17 12:00:00+00:00,104.30000,104.30000,104.30000,104.30000,173
2025-06-17 14:00:00+00:00,104.099998,104.099998,104.059998,104.059998,0
2025-06-18 07:00:00+00:00,103.98000,104,103.98000,104,0
2025-06-18 08:00:00+00:00,104,104,104,104,12
2025-06-18 09:00:00+00:00,104.040001,104.040001,104.040001,104.040001,3
2025-06-18 11:00:00+00:00,103.80000,103.80000,103.70000,103.70000,86
2025-06-18 13:00:00+00:00,103.98000,103.98000,103.98000,103.98000,7
2025-06-18 14:00:00+00:00,104.059998,104.099998,104.059998,104.099998,132
2025-06-19 07:00:00+00:00,103.64000,103.64000,103.64000,103.64000,0
2025-06-19 09:00:00+00:00,103.76000,103.76000,103.76000,103.76000,0
2025-06-19 12:00:00+00:00,103.74000,103.74000,103.74000,103.74000,26
2025-06-19 15:00:00+00:00,103.54000,103.54000,103.5,103.5,1
2025-06-20 07:00:00+00:00,103.72000,103.72000,103.72000,103.72000,0
2025-06-20 08:00:00+00:00,104.019997,104.019997,104.019997,104.019997,67
2025-06-20 12:00:00+00:00,104.040001,104.040001,104.040001,104.040001,21
2025-06-20 14:00:00+00:00,103.32000,103.32000,103.28000,103.28000,468
2025-06-23 07:00:00+00:00,102.74000,102.74000,102.74000,102.74000,0
2025-06-23 08:00:00+00:00,103.14000,103.14000,103.14000,103.14000,0
2025-06-23 13:00:00+00:00,102.78000,102.78000,102.78000,102.78000,3
2025-06-24 07:00:00+00:00,103.74000,103.74000,103.74000,103.74000,0
2025-06-24 09:00:00+00:00,103.80000,103.80000,103.80000,103.80000,201
2025-06-24 13:00:00+00:00,103.62000,103.62000,103.36000,103.36000,56
2025-06-25 07:00:00+00:00,103.58000,103.74000,103.58000,103.74000,0
2025-06-25 08:00:00+00:00,103.74000,103.74000,102.82000,102.82000,150
2025-06-26 07:00:00+00:00,103.040001,103.040001,103.040001,103.040001,0
2025-06-26 13:00:00+00:00,103.28000,103.28000,103.28000,103.28000,4039
2025-06-27 07:00:00+00:00,103.42000,103.42000,103.42000,103.42000,0
2025-06-30 07:00:00+00:00,103.62000,103.62000,103.62000,103.62000,0
2025-06-30 09:00:00+00:00,103.059998,103.059998,103.059998,103.059998,0
2025-06-30 10:00:00+00:00,103.16000,103.16000,103.16000,103.16000,73
2025-06-30 11:00:00+00:00,103.32000,103.32000,103.32000,103.32000,4
2025-06-30 13:00:00+00:00,102.98000,103,102.98000,103,3999
2025-06-30 14:00:00+00:00,102.98000,103.12000,102.98000,103.12000,2603
2025-06-30 15:00:00+00:00,103.059998,103.080002,102.98000,102.98000,1168
2025-07-01 07:00:00+00:00,103.12000,103.12000,103.12000,103.12000,0
2025-07-01 14:00:00+00:00,102.72000,103.040001,102.72000,103.040001,30
2025-07-02 07:00:00+00:00,103.48000,103.48000,103.42000,103.42000,1
2025-07-02 11:00:00+00:00,103.14000,103.14000,103.14000,103.14000,522
2025-07-02 12:00:00+00:00,102.5,102.5,102.38000,102.38000,145
2025-07-02 13:00:00+00:00,101.80000,102.080002,101.80000,102.080002,49
2025-07-03 07:00:00+00:00,102.70000,102.70000,102.70000,102.70000,0
2025-07-03 08:00:00+00:00,102.80000,102.84000,102.80000,102.84000,3
2025-07-03 09:00:00+00:00,102.70000,102.70000,102.70000,102.70000,1
2025-07-03 12:00:00+00:00,102.72000,102.72000,102.72000,102.72000,2
2025-07-03 13:00:00+00:00,102.94000,102.94000,102.94000,102.94000,16
2025-07-03 14:00:00+00:00,102.80000,103.059998,102.80000,103.059998,4
2025-07-04 07:00:00+00:00,102.78000,102.78000,102.78000,102.78000,0
2025-07-04 08:00:00+00:00,102.56000,102.56000,102.56000,102.56000,15
2025-07-04 10:00:00+00:00,102.58000,102.58000,102.58000,102.58000,23
2025-07-04 13:00:00+00:00,102.74000,102.74000,102.74000,102.74000,3
2025-07-04 14:00:00+00:00,102.82000,102.82000,102.82000,102.82000,56
2025-07-04 15:00:00+00:00,102.82000,102.82000,102.82000,102.82000,4
2025-07-07 07:00:00+00:00,102.72000,102.72000,102.70000,102.70000,2
2025-07-07 08:00:00+00:00,102.76000,102.76000,102.76000,102.76000,38
2025-07-07 14:00:00+00:00,102.94000,103.059998,102.94000,103.059998,21
2025-07-08 07:00:00+00:00,102.94000,102.94000,102.78000,102.78000,0
2025-07-08 09:00:00+00:00,102.76000,102.76000,102.76000,102.76000,14
2025-07-08 12:00:00+00:00,102.70000,103.12000,102.70000,103.12000,0
2025-07-09 07:00:00+00:00,103.66000,103.66000,103.66000,103.66000,0
2025-07-09 08:00:00+00:00,103.5,103.5,103.5,103.5,0
2025-07-09 11:00:00+00:00,103.84000,103.84000,103.84000,103.84000,13
2025-07-09 15:00:00+00:00,103.44000,103.54000,103.44000,103.54000,72
2025-07-10 07:00:00+00:00,104.36000,104.42000,104.26000,104.42000,127
2025-07-10 10:00:00+00:00,104.56000,104.56000,104.56000,104.56000,102
2025-07-10 13:00:00+00:00,104.40000,104.44000,104.40000,104.44000,2045
2025-07-10 14:00:00+00:00,104.70000,104.88000,104.70000,104.88000,2664
2025-07-10 15:00:00+00:00,104.82000,104.88000,104.82000,104.88000,3461
2025-07-11 07:00:00+00:00,104.74000,104.74000,104.60000,104.60000,1
2025-07-11 09:00:00+00:00,104.12000,104.12000,104.12000,104.12000,94
2025-07-11 13:00:00+00:00,103.76000,103.76000,103.76000,103.76000,17
2025-07-11 14:00:00+00:00,103.76000,103.82000,103.76000,103.80000,102
2025-07-14 07:00:00+00:00,103.94000,103.94000,103.94000,103.94000,0
2025-07-14 12:00:00+00:00,104.18000,104.18000,104.18000,104.18000,0
2025-07-14 13:00:00+00:00,104.019997,104.32000,104.019997,104.24000,634
2025-07-14 14:00:00+00:00,104.14000,104.22000,104.14000,104.22000,1390
2025-07-15 07:00:00+00:00,104.24000,104.24000,104.16000,104.16000,0
2025-07-15 08:00:00+00:00,104.22000,104.22000,104.22000,104.22000,100
2025-07-15 13:00:00+00:00,104.24000,104.24000,103.78000,103.78000,260
2025-07-16 07:00:00+00:00,103.76000,103.76000,103.64000,103.64000,0
2025-07-16 13:00:00+00:00,104.16000,104.16000,104.16000,104.16000,28
2025-07-16 15:00:00+00:00,103.74000,103.74000,103.68000,103.68000,100
2025-07-17 07:00:00+00:00,104.16000,104.16000,104.16000,104.16000,0
2025-07-17 08:00:00+00:00,104.099998,104.16000,104.099998,104.16000,10
2025-07-17 12:00:00+00:00,104.32000,104.32000,104.32000,104.32000,62
2025-07-17 13:00:00+00:00,104.32000,104.56000,104.32000,104.56000,1
2025-07-18 07:00:00+00:00,104.62000,104.62000,104.62000,104.62000,0
2025-07-18 10:00:00+00:00,104.52000,104.52000,104.44000,104.44000,65
2025-07-18 12:00:00+00:00,104.44000,104.44000,104.44000,104.44000,2
2025-07-18 14:00:00+00:00,104.42000,104.42000,104.42000,104.42000,3
2025-07-18 15:00:00+00:00,104.36000,104.36000,104.36000,104.36000,5
2025-07-21 07:00:00+00:00,104.52000,104.52000,104.52000,104.52000,353
2025-07-21 10:00:00+00:00,104.44000,104.44000,104.44000,104.44000,95
2025-07-21 11:00:00+00:00,104.40000,104.40000,104.40000,104.40000,572
2025-07-21 15:00:00+00:00,104.56000,104.56000,104.54000,104.56000,8938
2025-07-22 07:00:00+00:00,104.60000,104.60000,104.60000,104.60000,0
2025-07-22 13:00:00+00:00,104.60000,104.60000,104.52000,104.52000,0
2025-07-23 07:00:00+00:00,105.099998,105.099998,105.099998,105.099998,0
2025-07-23 10:00:00+00:00,105.46000,105.46000,105.46000,105.46000,50
2025-07-23 12:00:00+00:00,105.28000,105.30000,105.28000,105.30000,802
2025-07-23 14:00:00+00:00,105.30000,105.30000,105.30000,105.30000,3
2025-07-23 15:00:00+00:00,105.30000,105.40000,105.30000,105.40000,5
2025-07-24 07:00:00+00:00,103.76000,103.76000,103.56000,103.56000,129
2025-07-24 13:00:00+00:00,104,104,103.70000,103.70000,7
2025-07-25 07:00:00+00:00,103.26000,103.26000,103.26000,103.26000,0
2025-07-25 12:00:00+00:00,103,103,102.98000,102.98000,0
2025-07-28 07:00:00+00:00,103.56000,103.56000,103.44000,103.44000,46
2025-07-28 09:00:00+00:00,103.58000,103.58000,103.56000,103.56000,24
2025-07-28 11:00:00+00:00,103.42000,103.42000,103.42000,103.42000,10
2025-07-28 12:00:00+00:00,103.48000,103.48000,103.48000,103.48000,4
2025-07-28 13:00:00+00:00,103.46000,103.46000,103.46000,103.46000,30
2025-07-28 14:00:00+00:00,103,103,103,103,16
2025-07-28 15:00:00+00:00,103.16000,103.34000,103.16000,103.34000,121
2025-07-29 07:00:00+00:00,103.58000,103.62000,103.58000,103.62000,8
2025-07-29 13:00:00+00:00,104.32000,104.32000,104.24000,104.24000,24
2025-07-30 07:00:00+00:00,103.82000,103.82000,103.72000,103.72000,11
2025-07-30 14:00:00+00:00,104.34000,104.34000,104.34000,104.34000,29
2025-07-30 15:00:00+00:00,104.24000,104.26000,104.24000,104.26000,200
2025-07-31 07:00:00+00:00,104.70000,104.86000,104.70000,104.86000,1
2025-07-31 08:00:00+00:00,104.72000,104.72000,104.72000,104.72000,3
2025-07-31 11:00:00+00:00,104.68000,104.68000,104.68000,104.68000,45
2025-07-31 13:00:00+00:00,104.40000,104.40000,104.20000,104.20000,240
2025-08-01 07:00:00+00:00,103.56000,103.56000,103.56000,103.56000,0
2025-08-01 09:00:00+00:00,103.5,103.5,103.5,103.5,0
2025-08-01 13:00:00+00:00,102.90000,102.90000,102.90000,102.90000,20
2025-08-01 15:00:00+00:00,102.68000,102.68000,102.68000,102.68000,0
2025-08-04 07:00:00+00:00,103.080002,103.080002,103.080002,103.080002,0
2025-08-04 10:00:00+00:00,103.16000,103.16000,103.16000,103.16000,74
2025-08-04 13:00:00+00:00,103.30000,103.30000,103.30000,103.30000,600
2025-08-04 14:00:00+00:00,103.36000,103.36000,103.36000,103.36000,3
2025-08-04 15:00:00+00:00,103.36000,103.44000,103.36000,103.44000,29
2025-08-05 07:00:00+00:00,104.059998,104.059998,103.70000,103.70000,40
2025-08-05 12:00:00+00:00,104.14000,104.14000,103.58000,103.58000,118
2025-08-06 07:00:00+00:00,103.82000,103.82000,103.68000,103.68000,454
2025-08-06 09:00:00+00:00,103.74000,103.74000,103.74000,103.74000,3
2025-08-06 10:00:00+00:00,103.84000,103.84000,103.84000,103.84000,96
2025-08-06 12:00:00+00:00,103.68000,103.68000,103.66000,103.66000,0
2025-08-07 07:00:00+00:00,103.54000,103.54000,103.54000,103.54000,0
2025-08-07 09:00:00+00:00,103.5,103.5,103.5,103.5,0
2025-08-07 12:00:00+00:00,103.44000,103.68000,103.44000,103.68000,2
2025-08-08 07:00:00+00:00,103.92000,103.92000,103.92000,103.92000,0
2025-08-08 11:00:00+00:00,103.64000,103.64000,103.64000,103.64000,7
2025-08-08 12:00:00+00:00,103.5,103.5,103.5,103.5,10
2025-08-08 15:00:00+00:00,103.5,103.60000,103.5,103.60000,2
